ResellerKey,BusinessType,FrenchCountryRegionName
105,Warehouse,Australie
658,Value Added Reseller,Australie
555,Value Added Reseller,Australie
87,Warehouse,Australie
141,Specialty Bike Shop,Australie
15,Warehouse,Australie
33,Warehouse,Australie
69,Warehouse,Australie
231,Value Added Reseller,Australie
501,Specialty Bike Shop,Australie
321,Value Added Reseller,Australie
339,Warehouse,Australie
616,Specialty Bike Shop,Australie
393,Warehouse,Australie
682,Value Added Reseller,Australie
285,Value Added Reseller,Australie
159,Specialty Bike Shop,Australie
123,Specialty Bike Shop,Australie
195,Specialty Bike Shop,Australie
411,Warehouse,Australie
303,Value Added Reseller,Australie
483,Specialty Bike Shop,Australie
573,Value Added Reseller,Australie
537,Specialty Bike Shop,Australie
634,Specialty Bike Shop,Australie
429,Warehouse,Australie
447,Specialty Bike Shop,Australie
465,Specialty Bike Shop,Australie
688,Value Added Reseller,Australie
375,Warehouse,Australie
177,Specialty Bike Shop,Australie
51,Warehouse,Australie
357,Warehouse,Australie
640,Specialty Bike Shop,Australie
591,Value Added Reseller,Australie
664,Value Added Reseller,Australie
519,Specialty Bike Shop,Australie
267,Value Added Reseller,Australie
249,Value Added Reseller,Australie
213,Specialty Bike Shop,Australie
190,Warehouse,Canada
262,Specialty Bike Shop,Canada
46,Value Added Reseller,Canada
136,Warehouse,Canada
137,Value Added Reseller,Canada
444,Specialty Bike Shop,Canada
354,Warehouse,Canada
370,Value Added Reseller,Canada
661,Value Added Reseller,Canada
701,Warehouse,Canada
629,Warehouse,Canada
352,Value Added Reseller,Canada
496,Warehouse,Canada
10,Value Added Reseller,Canada
317,Warehouse,Canada
263,Warehouse,Canada
588,Value Added Reseller,Canada
66,Warehouse,Canada
172,Warehouse,Canada
408,Warehouse,Canada
497,Value Added Reseller,Canada
478,Warehouse,Canada
462,Specialty Bike Shop,Canada
514,Warehouse,Canada
371,Specialty Bike Shop,Canada
389,Specialty Bike Shop,Canada
174,Specialty Bike Shop,Canada
173,Value Added Reseller,Canada
154,Warehouse,Canada
138,Specialty Bike Shop,Canada
82,Value Added Reseller,Canada
388,Value Added Reseller,Canada
318,Value Added Reseller,Canada
298,Specialty Bike Shop,Canada
353,Specialty Bike Shop,Canada
299,Warehouse,Canada
654,Value Added Reseller,Canada
280,Specialty Bike Shop,Canada
426,Warehouse,Canada
29,Specialty Bike Shop,Canada
84,Warehouse,Canada
425,Specialty Bike Shop,Canada
532,Warehouse,Canada
516,Specialty Bike Shop,Canada
372,Warehouse,Canada
100,Value Added Reseller,Canada
335,Specialty Bike Shop,Canada
316,Specialty Bike Shop,Canada
534,Specialty Bike Shop,Canada
461,Value Added Reseller,Canada
480,Specialty Bike Shop,Canada
498,Specialty Bike Shop,Canada
569,Warehouse,Canada
515,Value Added Reseller,Canada
228,Value Added Reseller,Canada
83,Specialty Bike Shop,Canada
526,Warehouse,Canada
677,Specialty Bike Shop,Canada
587,Warehouse,Canada
300,Value Added Reseller,Canada
424,Value Added Reseller,Canada
443,Value Added Reseller,Canada
209,Value Added Reseller,Canada
653,Warehouse,Canada
630,Value Added Reseller,Canada
631,Specialty Bike Shop,Canada
637,Specialty Bike Shop,Canada
678,Warehouse,Canada
210,Specialty Bike Shop,Canada
227,Warehouse,Canada
264,Value Added Reseller,Canada
442,Warehouse,Canada
568,Specialty Bike Shop,Canada
551,Warehouse,Canada
552,Value Added Reseller,Canada
28,Value Added Reseller,Canada
64,Value Added Reseller,Canada
47,Specialty Bike Shop,Canada
11,Specialty Bike Shop,Canada
12,Warehouse,Canada
101,Specialty Bike Shop,Canada
102,Warehouse,Canada
118,Warehouse,Canada
208,Warehouse,Canada
191,Value Added Reseller,Canada
192,Specialty Bike Shop,Canada
155,Value Added Reseller,Canada
613,Specialty Bike Shop,Canada
390,Warehouse,Canada
334,Value Added Reseller,Canada
65,Specialty Bike Shop,Canada
460,Warehouse,Canada
245,Warehouse,Canada
655,Value Added Reseller,Canada
226,Specialty Bike Shop,Canada
679,Value Added Reseller,Canada
120,Specialty Bike Shop,Canada
570,Value Added Reseller,Canada
407,Specialty Bike Shop,Canada
48,Warehouse,Canada
246,Value Added Reseller,Canada
281,Warehouse,Canada
156,Specialty Bike Shop,Canada
586,Specialty Bike Shop,Canada
685,Value Added Reseller,Canada
244,Specialty Bike Shop,Canada
336,Warehouse,Canada
406,Value Added Reseller,Canada
119,Value Added Reseller,Canada
30,Warehouse,Canada
550,Specialty Bike Shop,Canada
282,Value Added Reseller,Canada
533,Value Added Reseller,Canada
479,Value Added Reseller,Canada
50,Specialty Bike Shop,Allemagne
482,Value Added Reseller,Allemagne
633,Value Added Reseller,Allemagne
639,Value Added Reseller,Allemagne
266,Warehouse,Allemagne
230,Warehouse,Allemagne
122,Value Added Reseller,Allemagne
518,Value Added Reseller,Allemagne
500,Value Added Reseller,Allemagne
104,Specialty Bike Shop,Allemagne
356,Specialty Bike Shop,Allemagne
212,Value Added Reseller,Allemagne
374,Specialty Bike Shop,Allemagne
657,Warehouse,Allemagne
663,Warehouse,Allemagne
446,Value Added Reseller,Allemagne
140,Value Added Reseller,Allemagne
86,Specialty Bike Shop,Allemagne
320,Warehouse,Allemagne
392,Specialty Bike Shop,Allemagne
68,Specialty Bike Shop,Allemagne
194,Value Added Reseller,Allemagne
554,Warehouse,Allemagne
284,Warehouse,Allemagne
158,Value Added Reseller,Allemagne
572,Warehouse,Allemagne
428,Specialty Bike Shop,Allemagne
615,Value Added Reseller,Allemagne
687,Warehouse,Allemagne
536,Value Added Reseller,Allemagne
14,Specialty Bike Shop,Allemagne
410,Specialty Bike Shop,Allemagne
176,Value Added Reseller,Allemagne
302,Warehouse,Allemagne
590,Warehouse,Allemagne
464,Value Added Reseller,Allemagne
338,Specialty Bike Shop,Allemagne
32,Specialty Bike Shop,Allemagne
248,Warehouse,Allemagne
681,Warehouse,Allemagne
193,Warehouse,France
409,Value Added Reseller,France
481,Warehouse,France
121,Warehouse,France
175,Warehouse,France
499,Warehouse,France
662,Specialty Bike Shop,France
49,Value Added Reseller,France
571,Specialty Bike Shop,France
355,Value Added Reseller,France
391,Value Added Reseller,France
656,Specialty Bike Shop,France
553,Specialty Bike Shop,France
589,Specialty Bike Shop,France
427,Value Added Reseller,France
638,Warehouse,France
31,Value Added Reseller,France
265,Specialty Bike Shop,France
614,Warehouse,France
157,Warehouse,France
301,Specialty Bike Shop,France
211,Warehouse,France
283,Specialty Bike Shop,France
13,Value Added Reseller,France
373,Value Added Reseller,France
517,Warehouse,France
463,Warehouse,France
632,Warehouse,France
67,Value Added Reseller,France
139,Warehouse,France
229,Specialty Bike Shop,France
85,Value Added Reseller,France
337,Value Added Reseller,France
680,Specialty Bike Shop,France
686,Specialty Bike Shop,France
319,Specialty Bike Shop,France
445,Warehouse,France
103,Value Added Reseller,France
247,Specialty Bike Shop,France
535,Warehouse,France
304,Specialty Bike Shop,Royaume-Uni
232,Specialty Bike Shop,Royaume-Uni
484,Warehouse,Royaume-Uni
376,Value Added Reseller,Royaume-Uni
412,Value Added Reseller,Royaume-Uni
430,Value Added Reseller,Royaume-Uni
635,Warehouse,Royaume-Uni
52,Value Added Reseller,Royaume-Uni
268,Specialty Bike Shop,Royaume-Uni
214,Warehouse,Royaume-Uni
70,Value Added Reseller,Royaume-Uni
538,Warehouse,Royaume-Uni
574,Specialty Bike Shop,Royaume-Uni
16,Value Added Reseller,Royaume-Uni
659,Specialty Bike Shop,Royaume-Uni
689,Specialty Bike Shop,Royaume-Uni
250,Specialty Bike Shop,Royaume-Uni
592,Specialty Bike Shop,Royaume-Uni
641,Warehouse,Royaume-Uni
520,Warehouse,Royaume-Uni
502,Warehouse,Royaume-Uni
665,Specialty Bike Shop,Royaume-Uni
556,Specialty Bike Shop,Royaume-Uni
683,Specialty Bike Shop,Royaume-Uni
466,Warehouse,Royaume-Uni
322,Specialty Bike Shop,Royaume-Uni
196,Warehouse,Royaume-Uni
88,Value Added Reseller,Royaume-Uni
617,Warehouse,Royaume-Uni
160,Warehouse,Royaume-Uni
286,Specialty Bike Shop,Royaume-Uni
142,Warehouse,Royaume-Uni
124,Warehouse,Royaume-Uni
178,Warehouse,Royaume-Uni
34,Value Added Reseller,Royaume-Uni
340,Value Added Reseller,Royaume-Uni
106,Value Added Reseller,Royaume-Uni
448,Warehouse,Royaume-Uni
358,Value Added Reseller,Royaume-Uni
394,Value Added Reseller,Royaume-Uni
296,Warehouse,États-Unis
224,Warehouse,États-Unis
44,Specialty Bike Shop,États-Unis
387,Warehouse,États-Unis
189,Specialty Bike Shop,États-Unis
332,Specialty Bike Shop,États-Unis
205,Warehouse,États-Unis
625,Specialty Bike Shop,États-Unis
563,Warehouse,États-Unis
457,Warehouse,États-Unis
473,Value Added Reseller,États-Unis
437,Value Added Reseller,États-Unis
475,Warehouse,États-Unis
624,Value Added Reseller,États-Unis
610,Specialty Bike Shop,États-Unis
583,Specialty Bike Shop,États-Unis
509,Value Added Reseller,États-Unis
439,Warehouse,États-Unis
277,Specialty Bike Shop,États-Unis
455,Value Added Reseller,États-Unis
609,Value Added Reseller,États-Unis
492,Specialty Bike Shop,États-Unis
365,Specialty Bike Shop,États-Unis
168,Specialty Bike Shop,États-Unis
6,Warehouse,États-Unis
402,Warehouse,États-Unis
529,Warehouse,États-Unis
241,Specialty Bike Shop,États-Unis
167,Value Added Reseller,États-Unis
187,Warehouse,États-Unis
493,Warehouse,États-Unis
366,Warehouse,États-Unis
312,Value Added Reseller,États-Unis
151,Warehouse,États-Unis
674,Specialty Bike Shop,États-Unis
329,Specialty Bike Shop,États-Unis
313,Specialty Bike Shop,États-Unis
25,Value Added Reseller,États-Unis
131,Value Added Reseller,États-Unis
648,Value Added Reseller,États-Unis
528,Specialty Bike Shop,États-Unis
257,Warehouse,États-Unis
474,Specialty Bike Shop,États-Unis
113,Value Added Reseller,États-Unis
5,Specialty Bike Shop,États-Unis
61,Value Added Reseller,États-Unis
385,Value Added Reseller,États-Unis
330,Warehouse,États-Unis
60,Warehouse,États-Unis
456,Specialty Bike Shop,États-Unis
608,Warehouse,États-Unis
403,Value Added Reseller,États-Unis
275,Warehouse,États-Unis
41,Specialty Bike Shop,États-Unis
133,Warehouse,États-Unis
491,Value Added Reseller,États-Unis
203,Value Added Reseller,États-Unis
97,Value Added Reseller,États-Unis
42,Warehouse,États-Unis
419,Specialty Bike Shop,États-Unis
600,Value Added Reseller,États-Unis
331,Value Added Reseller,États-Unis
78,Warehouse,États-Unis
240,Value Added Reseller,États-Unis
276,Value Added Reseller,États-Unis
295,Specialty Bike Shop,États-Unis
95,Specialty Bike Shop,États-Unis
383,Specialty Bike Shop,États-Unis
258,Value Added Reseller,États-Unis
545,Value Added Reseller,États-Unis
367,Value Added Reseller,États-Unis
77,Specialty Bike Shop,États-Unis
114,Specialty Bike Shop,États-Unis
185,Value Added Reseller,États-Unis
349,Value Added Reseller,États-Unis
511,Warehouse,États-Unis
23,Specialty Bike Shop,États-Unis
384,Warehouse,États-Unis
599,Warehouse,États-Unis
649,Specialty Bike Shop,États-Unis
96,Warehouse,États-Unis
239,Warehouse,États-Unis
420,Warehouse,États-Unis
259,Specialty Bike Shop,États-Unis
150,Specialty Bike Shop,États-Unis
204,Specialty Bike Shop,États-Unis
510,Specialty Bike Shop,États-Unis
24,Warehouse,États-Unis
311,Warehouse,États-Unis
347,Specialty Bike Shop,États-Unis
582,Value Added Reseller,États-Unis
59,Specialty Bike Shop,États-Unis
294,Value Added Reseller,États-Unis
565,Specialty Bike Shop,États-Unis
547,Specialty Bike Shop,États-Unis
421,Value Added Reseller,États-Unis
222,Value Added Reseller,États-Unis
223,Specialty Bike Shop,États-Unis
79,Value Added Reseller,États-Unis
523,Warehouse,États-Unis
546,Value Added Reseller,États-Unis
348,Warehouse,États-Unis
527,Value Added Reseller,États-Unis
132,Specialty Bike Shop,États-Unis
149,Value Added Reseller,États-Unis
143,Value Added Reseller,États-Unis
71,Specialty Bike Shop,États-Unis
251,Warehouse,États-Unis
252,Value Added Reseller,États-Unis
684,Warehouse,États-Unis
691,Value Added Reseller,États-Unis
125,Value Added Reseller,États-Unis
216,Specialty Bike Shop,États-Unis
215,Value Added Reseller,États-Unis
261,Value Added Reseller,États-Unis
611,Warehouse,États-Unis
153,Specialty Bike Shop,États-Unis
549,Value Added Reseller,États-Unis
458,Value Added Reseller,États-Unis
612,Value Added Reseller,États-Unis
243,Value Added Reseller,États-Unis
495,Specialty Bike Shop,États-Unis
315,Value Added Reseller,États-Unis
494,Value Added Reseller,États-Unis
242,Warehouse,États-Unis
260,Warehouse,États-Unis
188,Value Added Reseller,États-Unis
81,Warehouse,États-Unis
98,Specialty Bike Shop,États-Unis
26,Specialty Bike Shop,États-Unis
8,Specialty Bike Shop,États-Unis
603,Value Added Reseller,États-Unis
628,Specialty Bike Shop,États-Unis
675,Warehouse,États-Unis
278,Warehouse,États-Unis
440,Value Added Reseller,États-Unis
530,Value Added Reseller,États-Unis
99,Warehouse,États-Unis
80,Specialty Bike Shop,États-Unis
477,Specialty Bike Shop,États-Unis
531,Specialty Bike Shop,États-Unis
116,Value Added Reseller,États-Unis
651,Value Added Reseller,États-Unis
676,Value Added Reseller,États-Unis
525,Specialty Bike Shop,États-Unis
152,Value Added Reseller,États-Unis
476,Value Added Reseller,États-Unis
368,Specialty Bike Shop,États-Unis
459,Specialty Bike Shop,États-Unis
652,Specialty Bike Shop,États-Unis
351,Warehouse,États-Unis
171,Specialty Bike Shop,États-Unis
584,Warehouse,États-Unis
117,Specialty Bike Shop,États-Unis
110,Value Added Reseller,États-Unis
488,Value Added Reseller,États-Unis
398,Specialty Bike Shop,États-Unis
148,Warehouse,États-Unis
147,Specialty Bike Shop,États-Unis
183,Specialty Bike Shop,États-Unis
237,Value Added Reseller,États-Unis
219,Value Added Reseller,États-Unis
58,Value Added Reseller,États-Unis
111,Specialty Bike Shop,États-Unis
400,Value Added Reseller,États-Unis
346,Value Added Reseller,États-Unis
472,Warehouse,États-Unis
310,Specialty Bike Shop,États-Unis
622,Specialty Bike Shop,États-Unis
57,Warehouse,États-Unis
129,Specialty Bike Shop,États-Unis
76,Value Added Reseller,États-Unis
414,Warehouse,États-Unis
161,Value Added Reseller,États-Unis
234,Value Added Reseller,États-Unis
432,Warehouse,États-Unis
342,Warehouse,États-Unis
636,Value Added Reseller,États-Unis
305,Warehouse,États-Unis
396,Warehouse,États-Unis
36,Warehouse,États-Unis
225,Value Added Reseller,États-Unis
369,Warehouse,États-Unis
513,Specialty Bike Shop,États-Unis
297,Value Added Reseller,États-Unis
441,Specialty Bike Shop,États-Unis
486,Specialty Bike Shop,États-Unis
53,Specialty Bike Shop,États-Unis
107,Specialty Bike Shop,États-Unis
450,Specialty Bike Shop,États-Unis
557,Warehouse,États-Unis
108,Warehouse,États-Unis
642,Value Added Reseller,États-Unis
323,Warehouse,États-Unis
431,Specialty Bike Shop,États-Unis
660,Warehouse,États-Unis
287,Warehouse,États-Unis
395,Specialty Bike Shop,États-Unis
468,Specialty Bike Shop,États-Unis
197,Value Added Reseller,États-Unis
180,Specialty Bike Shop,États-Unis
643,Specialty Bike Shop,États-Unis
504,Specialty Bike Shop,États-Unis
377,Specialty Bike Shop,États-Unis
360,Warehouse,États-Unis
198,Specialty Bike Shop,États-Unis
306,Value Added Reseller,États-Unis
288,Value Added Reseller,États-Unis
18,Warehouse,États-Unis
579,Value Added Reseller,États-Unis
274,Specialty Bike Shop,États-Unis
39,Warehouse,États-Unis
694,Value Added Reseller,États-Unis
623,Warehouse,États-Unis
562,Specialty Bike Shop,États-Unis
598,Specialty Bike Shop,États-Unis
364,Value Added Reseller,États-Unis
238,Specialty Bike Shop,États-Unis
544,Warehouse,États-Unis
695,Specialty Bike Shop,États-Unis
670,Value Added Reseller,États-Unis
363,Warehouse,États-Unis
327,Value Added Reseller,États-Unis
381,Warehouse,États-Unis
220,Specialty Bike Shop,États-Unis
646,Specialty Bike Shop,États-Unis
423,Warehouse,États-Unis
566,Warehouse,États-Unis
314,Warehouse,États-Unis
38,Specialty Bike Shop,États-Unis
541,Warehouse,États-Unis
434,Specialty Bike Shop,États-Unis
700,Value Added Reseller,États-Unis
63,Warehouse,États-Unis
699,Warehouse,États-Unis
627,Value Added Reseller,États-Unis
207,Specialty Bike Shop,États-Unis
524,Value Added Reseller,États-Unis
206,Value Added Reseller,États-Unis
503,Value Added Reseller,États-Unis
72,Warehouse,États-Unis
594,Value Added Reseller,États-Unis
618,Value Added Reseller,États-Unis
558,Value Added Reseller,États-Unis
221,Warehouse,États-Unis
581,Warehouse,États-Unis
186,Specialty Bike Shop,États-Unis
169,Warehouse,États-Unis
438,Specialty Bike Shop,États-Unis
401,Specialty Bike Shop,États-Unis
626,Warehouse,États-Unis
564,Value Added Reseller,États-Unis
650,Warehouse,États-Unis
115,Warehouse,États-Unis
413,Specialty Bike Shop,États-Unis
522,Specialty Bike Shop,États-Unis
341,Specialty Bike Shop,États-Unis
324,Value Added Reseller,États-Unis
126,Specialty Bike Shop,États-Unis
619,Specialty Bike Shop,États-Unis
539,Value Added Reseller,États-Unis
54,Warehouse,États-Unis
233,Warehouse,États-Unis
144,Specialty Bike Shop,États-Unis
667,Value Added Reseller,États-Unis
540,Specialty Bike Shop,États-Unis
575,Warehouse,États-Unis
359,Specialty Bike Shop,États-Unis
666,Warehouse,États-Unis
269,Warehouse,États-Unis
690,Warehouse,États-Unis
593,Warehouse,États-Unis
576,Value Added Reseller,États-Unis
179,Value Added Reseller,États-Unis
270,Value Added Reseller,États-Unis
89,Specialty Bike Shop,États-Unis
378,Warehouse,États-Unis
452,Value Added Reseller,États-Unis
595,Specialty Bike Shop,États-Unis
645,Value Added Reseller,États-Unis
91,Value Added Reseller,États-Unis
604,Specialty Bike Shop,États-Unis
181,Warehouse,États-Unis
693,Warehouse,États-Unis
163,Warehouse,États-Unis
55,Value Added Reseller,États-Unis
451,Warehouse,États-Unis
182,Value Added Reseller,États-Unis
56,Specialty Bike Shop,États-Unis
74,Specialty Bike Shop,États-Unis
379,Value Added Reseller,États-Unis
487,Warehouse,États-Unis
644,Warehouse,États-Unis
692,Specialty Bike Shop,États-Unis
164,Value Added Reseller,États-Unis
162,Specialty Bike Shop,États-Unis
35,Specialty Bike Shop,États-Unis
521,Value Added Reseller,États-Unis
548,Warehouse,États-Unis
422,Specialty Bike Shop,États-Unis
386,Specialty Bike Shop,États-Unis
454,Warehouse,États-Unis
22,Value Added Reseller,États-Unis
404,Specialty Bike Shop,États-Unis
333,Warehouse,États-Unis
405,Warehouse,États-Unis
45,Warehouse,États-Unis
602,Warehouse,États-Unis
135,Specialty Bike Shop,États-Unis
170,Value Added Reseller,États-Unis
279,Value Added Reseller,États-Unis
585,Value Added Reseller,États-Unis
134,Value Added Reseller,États-Unis
27,Warehouse,États-Unis
9,Warehouse,États-Unis
62,Specialty Bike Shop,États-Unis
512,Value Added Reseller,États-Unis
350,Specialty Bike Shop,États-Unis
567,Value Added Reseller,États-Unis
647,Warehouse,États-Unis
4,Value Added Reseller,États-Unis
291,Value Added Reseller,États-Unis
184,Warehouse,États-Unis
489,Specialty Bike Shop,États-Unis
436,Value Added Reseller,États-Unis
435,Warehouse,États-Unis
201,Specialty Bike Shop,États-Unis
165,Specialty Bike Shop,États-Unis
256,Specialty Bike Shop,États-Unis
130,Warehouse,États-Unis
112,Warehouse,États-Unis
94,Value Added Reseller,États-Unis
75,Warehouse,États-Unis
166,Warehouse,États-Unis
508,Warehouse,États-Unis
292,Specialty Bike Shop,États-Unis
309,Value Added Reseller,États-Unis
255,Value Added Reseller,États-Unis
597,Value Added Reseller,États-Unis
345,Warehouse,États-Unis
3,Warehouse,États-Unis
21,Warehouse,États-Unis
399,Warehouse,États-Unis
607,Specialty Bike Shop,États-Unis
40,Value Added Reseller,États-Unis
490,Warehouse,États-Unis
202,Warehouse,États-Unis
273,Value Added Reseller,États-Unis
93,Warehouse,États-Unis
471,Specialty Bike Shop,États-Unis
580,Specialty Bike Shop,États-Unis
382,Value Added Reseller,États-Unis
417,Warehouse,États-Unis
328,Value Added Reseller,États-Unis
671,Specialty Bike Shop,États-Unis
507,Specialty Bike Shop,États-Unis
561,Value Added Reseller,États-Unis
673,Value Added Reseller,États-Unis
698,Specialty Bike Shop,États-Unis
672,Warehouse,États-Unis
293,Warehouse,États-Unis
696,Warehouse,États-Unis
43,Value Added Reseller,États-Unis
7,Value Added Reseller,États-Unis
601,Specialty Bike Shop,États-Unis
697,Value Added Reseller,États-Unis
90,Warehouse,États-Unis
467,Value Added Reseller,États-Unis
485,Value Added Reseller,États-Unis
17,Specialty Bike Shop,États-Unis
449,Value Added Reseller,États-Unis
254,Warehouse,États-Unis
290,Warehouse,États-Unis
621,Value Added Reseller,États-Unis
325,Specialty Bike Shop,États-Unis
19,Value Added Reseller,États-Unis
469,Warehouse,États-Unis
343,Value Added Reseller,États-Unis
344,Specialty Bike Shop,États-Unis
308,Warehouse,États-Unis
596,Warehouse,États-Unis
669,Warehouse,États-Unis
109,Value Added Reseller,États-Unis
505,Warehouse,États-Unis
668,Specialty Bike Shop,États-Unis
470,Value Added Reseller,États-Unis
326,Warehouse,États-Unis
20,Specialty Bike Shop,États-Unis
542,Value Added Reseller,États-Unis
433,Value Added Reseller,États-Unis
218,Value Added Reseller,États-Unis
235,Specialty Bike Shop,États-Unis
73,Value Added Reseller,États-Unis
200,Value Added Reseller,États-Unis
253,Specialty Bike Shop,États-Unis
37,Value Added Reseller,États-Unis
307,Specialty Bike Shop,États-Unis
578,Warehouse,États-Unis
127,Warehouse,États-Unis
145,Warehouse,États-Unis
2,Specialty Bike Shop,États-Unis
289,Specialty Bike Shop,États-Unis
199,Warehouse,États-Unis
236,Warehouse,États-Unis
1,Value Added Reseller,États-Unis
146,Value Added Reseller,États-Unis
397,Value Added Reseller,États-Unis
361,Value Added Reseller,États-Unis
217,Warehouse,États-Unis
362,Specialty Bike Shop,États-Unis
415,Value Added Reseller,États-Unis
605,Warehouse,États-Unis
577,Specialty Bike Shop,États-Unis
272,Warehouse,États-Unis
416,Specialty Bike Shop,États-Unis
271,Specialty Bike Shop,États-Unis
128,Value Added Reseller,États-Unis
92,Specialty Bike Shop,États-Unis
543,Specialty Bike Shop,États-Unis
453,Specialty Bike Shop,États-Unis
606,Value Added Reseller,États-Unis
418,Value Added Reseller,États-Unis
506,Value Added Reseller,États-Unis
559,Specialty Bike Shop,États-Unis
380,Specialty Bike Shop,États-Unis
620,Warehouse,États-Unis
560,Warehouse,États-Unis
